{
  "version": 1,
  "author": "Anonymous maker",
  "editor": "wokwi",
  "parts": [
    { "type": "board-esp32-s3-devkitc-1", "id": "esp", "top": 0, "left": 0, "attrs": {} },
    {
      "type": "wokwi-led",
      "id": "led1",
      "top": -109.2,
      "left": -255.4,
      "attrs": { "color": "red" }
    },
    {
      "type": "wokwi-led",
      "id": "led2",
      "top": -109.2,
      "left": -217,
      "attrs": { "color": "green" }
    },
    {
      "type": "wokwi-led",
      "id": "led3",
      "top": -118.8,
      "left": -178.6,
      "attrs": { "color": "blue" }
    },
    {
      "type": "wokwi-led",
      "id": "led4",
      "top": -118.8,
      "left": -130.6,
      "attrs": { "color": "yellow" }
    },
    {
      "type": "wokwi-led",
      "id": "led5",
      "top": -109.2,
      "left": -92.2,
      "attrs": { "color": "white" }
    },
    {
      "type": "wokwi-pushbutton",
      "id": "btn1",
      "top": -3.4,
      "left": -249.6,
      "attrs": { "color": "green", "xray": "1" }
    },
    {
      "type": "wokwi-pushbutton",
      "id": "btn2",
      "top": -13,
      "left": -192,
      "attrs": { "color": "green", "xray": "1" }
    },
    {
      "type": "wokwi-pushbutton",
      "id": "btn3",
      "top": 83,
      "left": -211.2,
      "attrs": { "color": "green", "xray": "1" }
    }
  ],
  "connections": [ [ "esp:TX", "$serialMonitor:RX", "", [] ], [ "esp:RX", "$serialMonitor:TX", "", [] ] ],
  "dependencies": {}
}